"100","佐藤"
"108","鈴木"
"110","高橋"
"114","田中"
"115","伊藤"
"127","渡辺"
"135","山本"
"147","中村"
"149","小林"
"153","加藤"
"155","吉田"
"156","山田"
"157","佐々木"
"160","山口"
"163","松本"
"164","井上"
"172","木村"
"175","林"
"181","斎藤"
"182","清水"
"183","山崎"
"185","森"
"186","池田"
"187","橋本"
"188","阿部"
"190","石川"
"191","山下"
"197","中島"
"198","石井"
"199","小川"
"200","前田"
"201","岡田"
"202","長谷川"
"203","藤田"
"204","後藤"
"205","近藤"
"206","村上"
"207","遠藤"
"208","青木"
"209","坂本"
"210","斉藤"
"211","福田"
"212","太田"
"216","西村"
"236","藤井"
"238","金子"
"246","岡本"
"249","藤原"
"252","中野"
"259","三浦"
"266","原田"
"267","中川"
"269","松田"
"281","竹内"
"286","小野"
"289","田村"
"290","中山"
"310","和田"
"311","石田"
"318","森田"
"322","上田"
"324","原"
"333","内田"
"341","柴田"
"348","酒井"
"353","宮崎"
"357","横山"
"365","高木"
"366","安藤"
"371","宮本"
"378","大野"
"382","小島"
"383","谷口"
"391","今井"
"395","工藤"
"398","高田"
"406","増田"
"409","丸山"
"413","杉山"
"417","村田"
"431","大塚"
"434","新井"
"435","小山"
"437","平野"
"439","藤本"
"449","河野"
"451","上野"
"458","野口"
"462","武田"
"464","松井"
"466","千葉"
"470","岩崎"
"475","菅原"
"481","木下"
"486","久保"
"498","佐野"
"500","野村"
"503","松尾"
"508","市川"
"520","菊地"
"521","杉本"
"524","古川"
"525","島田"
"529","大西"
"540","水野"
"544","桜井"
"549","高野"
"550","吉川"
"551","渡部"
"553","山内"
"556","飯田"
"567","西田"
"569","菊池"
"571","西川"
"574","小松"
"590","北村"
"593","安田"
"599","五十嵐"
"604","川口"
"617","関"
"620","平田"
"621","中田"
"633","久保田"
"635","服部"
"652","東"
"655","岩田"
"656","土屋"
"659","川崎"
"667","福島"
"669","本田"
"671","辻"
"672","樋口"
"674","秋山"
"678","永井"
"680","田口"
"686","山中"
"690","中西"
"693","吉村"
"697","川上"
"703","石原"
"706","大橋"
"723","松岡"
"726","馬場"
"728","浜田"
"735","森本"
"737","星野"
"742","浅野"
"750","矢野"
"752","大久保"
"759","松下"
"760","小池"
"762","吉岡"
"770","野田"
"775","荒木"
"788","大谷"
"794","内藤"
"798","松浦"
"802","熊谷"
"811","黒田"
"817","尾崎"
"818","永田"
"820","望月"
"825","川村"
"827","田辺"
"828","荒井"
"837","松村"
"850","堀"
"853","大島"
"858","早川"
"878","平井"
"886","栗原"
"887","菅野"
"896","西山"
"904","広瀬"
"924","横田"
"929","石橋"
"930","萩原"
"941","岩本"
"942","片山"
"947","関口"
"950","宮田"
"951","大石"
"955","高山"
"968","吉野"
"982","本間"
"986","須藤"
"993","岡崎"
"998","小田"
"999","伊東"
"1007","鎌田"
"1009","上原"
"1014","篠原"
"1016","小西"
"1019","松原"
"1037","福井"
"1051","古賀"
"1060","小泉"
"1066","大森"
"1067","成田"
"1071","南"
"1073","奥村"
"1076","内山"
"1086","川島"
"1088","沢田"
"1099","桑原"
"1108","三宅"
"1109","片岡"
"1112","杉浦"
"1119","富田"
"1123","岡"
"1126","八木"
"1127","奥田"
"1134","小沢"
"1147","松永"
"1150","北川"
"1159","関根"
"1164","河合"
"1168","平山"
"1174","牧野"
"1180","白石"
"1185","今村"
"1191","寺田"
"1193","青山"